{
  "config": {
    "name": "wd_uba_lumped",
    "sequence_length": 30,
    "batch_size": 64,
    "learning_rate": 0.0005,
    "num_epochs": 50,
    "hidden_size": 64,
    "num_layers": 2,
    "dropout": 0.2,
    "forecast_horizon": 7,
    "features": [
      "temperature_2m",
      "volumetric_soil_water_layer_1",
      "soil_temperature_level_1",
      "snow_depth_water_equivalent",
      "total_precipitation_sum",
      "temperature_2m_max"
    ]
  },
  "train_loss_curve": [
    0.022909892946093652,
    0.016250066730814677,
    0.011452006009575497,
    0.009433220308791433,
    0.00830505533829435,
    0.007836858819145063,
    0.007595983447471453,
    0.007421155120229944,
    0.007296641484572319,
    0.007143636412365595,
    0.007061443657423499,
    0.006941669337215394,
    0.006916914164321497,
    0.006829858218730401,
    0.00677044265628663,
    0.0066501598743747715,
    0.0067002539682208505,
    0.006670961847703438,
    0.006609890634637041,
    0.0066164804306431,
    0.006555394657981297,
    0.00664776298799552,
    0.0065429397489222335,
    0.006632625775738334,
    0.006585126399942156,
    0.0064875137997862315,
    0.0066469020578855025,
    0.0065328585094701136,
    0.006558998423214588,
    0.006586168239462293,
    0.006619708136794442,
    0.00667890681769576,
    0.00665991980390067,
    0.006564651997299127,
    0.006669765293635364,
    0.006697303164198982,
    0.006828287996136674,
    0.006707836607650582,
    0.006790980097422208,
    0.006975714622967644,
    0.006942742932450428,
    0.0069680209370643655,
    0.006916707333200773,
    0.006758950920912967,
    0.006816407653180552,
    0.006636265004393256,
    0.006484403121754035,
    0.00643165148570309,
    0.006345046350765592,
    0.006350210358909357
  ],
  "val_loss_curve": [
    0.02221248430820803,
    0.017027622360425692,
    0.014739712535326058,
    0.013458968295405308,
    0.012570628013539439,
    0.011820475148851983,
    0.011316477020348733,
    0.01103750000280949,
    0.010833214934488447,
    0.01072533714856642,
    0.010670730441537065,
    0.010634436956024729,
    0.010592272665235214,
    0.01053075484621028,
    0.010448363046937933,
    0.010467487091470199,
    0.0103762187063694,
    0.01031197160288381,
    0.010173427038049946,
    0.01021379541392283,
    0.009891277067557288,
    0.010184930530764783,
    0.0098718611698132,
    0.010050277783496616,
    0.009973393122587973,
    0.009932339108975915,
    0.010119867370425103,
    0.010305005664122291,
    0.010121255205982985,
    0.010001135732939778,
    0.009903738037489044,
    0.009704849314099798,
    0.009679557018292448,
    0.009549217546009459,
    0.009522665641270578,
    0.009449751906989453,
    0.009448840782473175,
    0.009289993353983542,
    0.009488902154165165,
    0.009637362782086711,
    0.00974475960053193,
    0.009967453152057715,
    0.009999410050416676,
    0.010183789392613107,
    0.010248277052596677,
    0.01005305605212925,
    0.010001093861016367,
    0.009944598354195477,
    0.009863901330390945,
    0.009911559527002586
  ],
  "best_epoch": 38
}