{
  "config": {
    "name": "wd_uba_lumped",
    "sequence_length": 30,
    "batch_size": 64,
    "learning_rate": 0.0005,
    "num_epochs": 50,
    "hidden_size": 64,
    "num_layers": 2,
    "dropout": 0.2,
    "forecast_horizon": 7,
    "features": [
      "temperature_2m",
      "volumetric_soil_water_layer_1",
      "soil_temperature_level_1",
      "snow_depth_water_equivalent",
      "total_precipitation_sum",
      "temperature_2m_max"
    ]
  },
  "train_loss_curve": [
    0.023161347968400352,
    0.017736155565621123,
    0.01208656942536537,
    0.008718896848828686,
    0.007863050422909308,
    0.007445241517820654,
    0.0072650092661206145,
    0.007185109030009092,
    0.0070468564618851,
    0.006968913550129703,
    0.0069285787839261405,
    0.006928537617770619,
    0.006725386538568677,
    0.006768145345833748,
    0.00667389068702404,
    0.00663780050389404,
    0.006605596307053929,
    0.006530805169960432,
    0.006441233058770497,
    0.006499637337482354,
    0.006455829796323087,
    0.006351413405759053,
    0.006408254934487761,
    0.006343157287725869,
    0.006269592297030613,
    0.006273311127289263,
    0.006363082739375791,
    0.006266868724803014,
    0.006248465605899077,
    0.006246897998607892,
    0.006265712340084267,
    0.006269241733611529,
    0.006246967408413993,
    0.006295650462258588,
    0.006471028079532617,
    0.006571444456312747,
    0.006873408662310491,
    0.006914300686629658,
    0.0067981966027825065,
    0.006566628390424335,
    0.0063531970326948795,
    0.006640529321228112,
    0.0061850569093924905,
    0.006220944681091269,
    0.005986718094694273,
    0.00604198502691765,
    0.006025685413078463,
    0.005882679068791832,
    0.0059698906006310105,
    0.005664049883560235
  ],
  "val_loss_curve": [
    0.02298907741593818,
    0.018359027492503326,
    0.013590465823654085,
    0.012118857880219972,
    0.011324147555569652,
    0.010915708451648243,
    0.01069764923886396,
    0.010537179002615934,
    0.0104801032745551,
    0.010366889247961808,
    0.01032305850336949,
    0.01031537485202231,
    0.010298186197663503,
    0.010210795762153188,
    0.010150604202256849,
    0.010095114426803775,
    0.010092918358471556,
    0.00999390812163862,
    0.009971404583969464,
    0.009915579304409524,
    0.009849918521164605,
    0.009776135191107945,
    0.009739812892803457,
    0.009662530438314812,
    0.00964737498482767,
    0.009585429504416728,
    0.009746670858779302,
    0.009561063803024203,
    0.00960170962328751,
    0.009446843310191374,
    0.009216046934549619,
    0.008952029790331531,
    0.008724472378768647,
    0.008613459542781735,
    0.00857003037284206,
    0.008825887794955634,
    0.009351571265142411,
    0.009923368187931677,
    0.010511342092892543,
    0.010200642196044404,
    0.01150263307166218,
    0.009153421655658652,
    0.008867033333444851,
    0.010185937874969872,
    0.010540966895556872,
    0.010608888690512686,
    0.009263435428692901,
    0.008189042503242186,
    0.009570247982689276,
    0.009720140900147575
  ],
  "best_epoch": 48
}