{
  "config": {
    "name": "wd_uba_lumped",
    "sequence_length": 30,
    "batch_size": 64,
    "learning_rate": 0.0005,
    "num_epochs": 50,
    "hidden_size": 64,
    "num_layers": 2,
    "dropout": 0.2,
    "forecast_horizon": 7,
    "features": [
      "temperature_2m",
      "volumetric_soil_water_layer_1",
      "soil_temperature_level_1",
      "snow_depth_water_equivalent",
      "total_precipitation_sum",
      "temperature_2m_max"
    ]
  },
  "train_loss_curve": [
    0.023985431387296155,
    0.018179414625693526,
    0.012174497266338827,
    0.008679983642650768,
    0.007638063685185948,
    0.007386330922599882,
    0.007100169141469653,
    0.007143459238351271,
    0.006998618417936895,
    0.006861022488414569,
    0.006746330929066365,
    0.006711237691989582,
    0.006699901957795696,
    0.006691488307599987,
    0.006576987521435108,
    0.0066162900160027975,
    0.00658809935986129,
    0.006527050028833198,
    0.006480737770390179,
    0.006525213978117487,
    0.006408310887814473,
    0.006423606401060372,
    0.00650743505401705,
    0.006532059075349632,
    0.006511403673559673,
    0.006505538649637149,
    0.00644049815804869,
    0.0064769456213172,
    0.0065079428046980565,
    0.006539547894135467,
    0.00662593096563392,
    0.006700557349379071,
    0.006778308775715737,
    0.006814602298012081,
    0.006783822859385206,
    0.006644368004850144,
    0.0065338369849996525,
    0.006435981437183121,
    0.006263967481976983,
    0.006166065542755759,
    0.0061542517207474,
    0.00596759841482708,
    0.005980659573651792,
    0.005784839808560112,
    0.005848816378097076,
    0.005889556785506202,
    0.005638425028741444,
    0.005777975338383435,
    0.005696268064235078,
    0.005208420029602066
  ],
  "val_loss_curve": [
    0.023303953077023227,
    0.01876751147210598,
    0.013452861797607815,
    0.011752698323107325,
    0.010999610191599155,
    0.010536203214239018,
    0.010320609879272524,
    0.010223039714522505,
    0.010156435115883747,
    0.010144024180287184,
    0.010138572280993685,
    0.010033590925255945,
    0.009941998859479403,
    0.009965162200387567,
    0.009906310462004816,
    0.009877672181270706,
    0.00973357194258521,
    0.009753496065968648,
    0.009498518673353828,
    0.009636793254079143,
    0.00959070237877313,
    0.009509566671719464,
    0.00949141134818395,
    0.009439186137266612,
    0.009446716462358987,
    0.009312605650241798,
    0.00912903403271533,
    0.008997729753900785,
    0.008860941904761907,
    0.008683051255502505,
    0.0086183676685323,
    0.008592440213154381,
    0.008927387027749015,
    0.009165348043704094,
    0.009327621056096783,
    0.009447001283357773,
    0.009374212352364944,
    0.009436558984210327,
    0.009584695973899215,
    0.009715622759055501,
    0.009421962114477841,
    0.009262319064873736,
    0.00919075096923431,
    0.009691427598227165,
    0.010108404256243375,
    0.008283572663155306,
    0.010782592900795862,
    0.009498872831803359,
    0.008164964379830053,
    0.007840996854307983
  ],
  "best_epoch": 50
}