{
  "config": {
    "name": "wd_uba_lumped",
    "sequence_length": 30,
    "batch_size": 64,
    "learning_rate": 0.0005,
    "num_epochs": 50,
    "hidden_size": 64,
    "num_layers": 2,
    "dropout": 0.2,
    "forecast_horizon": 7,
    "features": [
      "temperature_2m",
      "volumetric_soil_water_layer_1",
      "soil_temperature_level_1",
      "snow_depth_water_equivalent",
      "total_precipitation_sum",
      "temperature_2m_max"
    ]
  },
  "train_loss_curve": [
    0.02515215045423247,
    0.019609711546864774,
    0.015162351114364961,
    0.010307890196499001,
    0.008370975715580344,
    0.007522264554912302,
    0.007350128308543289,
    0.007162003179271576,
    0.007063262282422834,
    0.0070952308459608406,
    0.00701583468253375,
    0.0069388399505341015,
    0.0068086162892642375,
    0.006843492079497082,
    0.006773679287612645,
    0.006798014686258587,
    0.006745835078618256,
    0.00662957910834747,
    0.006701272953958121,
    0.006594326689486884,
    0.006560213952778011,
    0.006513407413270518,
    0.006455510482838791,
    0.006334184067681135,
    0.006436322273455314,
    0.006358336961056921,
    0.00631802121642977,
    0.006400024867414484,
    0.006168080177000472,
    0.00621410840459349,
    0.006229849739813492,
    0.006167152999801652,
    0.006136869279645098,
    0.00603592446734385,
    0.006073668891986017,
    0.006064961335646836,
    0.006061168317703252,
    0.006114380854645181,
    0.006388711464145065,
    0.00670475258700915,
    0.006667020889936894,
    0.0068408484593318365,
    0.006833823731135958,
    0.0069317435984177994,
    0.006931282951376893,
    0.007007632000901746,
    0.006592621501517392,
    0.0063629884274531735,
    0.006168905758436772,
    0.006274484786495628
  ],
  "val_loss_curve": [
    0.023823195447524387,
    0.021709841132784884,
    0.0149247520409214,
    0.013277651853665398,
    0.012486716283698721,
    0.01192902386537753,
    0.011489870924075754,
    0.01125602927034682,
    0.011055718378581028,
    0.010929328206354208,
    0.010881054879670652,
    0.010798406844211664,
    0.01073068166927745,
    0.01063939986488549,
    0.0106316767220657,
    0.01053979672966913,
    0.010450864904366123,
    0.0103640576514105,
    0.010149579327844549,
    0.009974444694914078,
    0.010118335708587741,
    0.00986609939718619,
    0.010111005996198704,
    0.010004215873777866,
    0.009944411048005955,
    0.010060349578755753,
    0.010264373840376114,
    0.01038180997905632,
    0.010463831778906751,
    0.010522844456621291,
    0.010919915121727778,
    0.011248964150581742,
    0.011560019167518476,
    0.011250808771971302,
    0.01135332734217324,
    0.010992666825283473,
    0.010464346288548162,
    0.010005662183781775,
    0.009980113936762791,
    0.009816485489864135,
    0.009255949938960839,
    0.010159935542712143,
    0.009219851788657252,
    0.010793776982609415,
    0.009696559555474474,
    0.011221808770642383,
    0.010356614899743969,
    0.010815347625490782,
    0.009891501663332747,
    0.011513934653824739
  ],
  "best_epoch": 43
}