{
  "config": {
    "name": "wd_uba_lumped",
    "sequence_length": 30,
    "batch_size": 64,
    "learning_rate": 0.0005,
    "num_epochs": 50,
    "hidden_size": 64,
    "num_layers": 2,
    "dropout": 0.2,
    "forecast_horizon": 7,
    "features": [
      "temperature_2m",
      "volumetric_soil_water_layer_1",
      "soil_temperature_level_1",
      "snow_depth_water_equivalent",
      "total_precipitation_sum",
      "temperature_2m_max"
    ]
  },
  "train_loss_curve": [
    0.024280386912222538,
    0.019129002880718973,
    0.01280541877107074,
    0.008905254833128614,
    0.007873272236287853,
    0.0075768408953283345,
    0.007363760292921345,
    0.007191716101563846,
    0.007126787700852017,
    0.006989275859571838,
    0.006880436525736716,
    0.006869590717542451,
    0.006836995863421989,
    0.00674352000189376,
    0.006718138994781637,
    0.006552274935529567,
    0.006522219523806901,
    0.006488622221190276,
    0.006473222916813231,
    0.006326866222985296,
    0.006434509668906685,
    0.006355489573050161,
    0.006268798351407491,
    0.006329389383002611,
    0.006310183233330867,
    0.006279717036300604,
    0.0062538499890555,
    0.006206952906520908,
    0.006157501629786566,
    0.006236295538352958,
    0.006165790709322512,
    0.006197690753955006,
    0.006251572034468861,
    0.006324896295255813,
    0.006559909177263358,
    0.006642349774160216,
    0.006909066832829719,
    0.006998886727160425,
    0.00705475110397755,
    0.006848856470545191,
    0.006713048004308398,
    0.006515481010966242,
    0.006293073256124949,
    0.006301337863482736,
    0.0063013799631840405,
    0.006033418613696995,
    0.006023061080769467,
    0.0060753205364360635,
    0.005937194812759117,
    0.005699580727802338
  ],
  "val_loss_curve": [
    0.024092075414955616,
    0.020142285618931055,
    0.014321862972186258,
    0.013296565778243044,
    0.01263634346832987,
    0.01207262498307197,
    0.011737602011028988,
    0.011447841228800826,
    0.011266245497002577,
    0.01103349834253701,
    0.010918784372430915,
    0.010777495680182861,
    0.010596870085767781,
    0.010506498865045918,
    0.010322936771747967,
    0.010219746162571633,
    0.01014800017583184,
    0.009987698610833226,
    0.010000953382890051,
    0.009962453902213989,
    0.010012368412086895,
    0.010087513124744873,
    0.009826994241545131,
    0.010107605521625374,
    0.009955265554405438,
    0.010188014392042533,
    0.010036423962446861,
    0.010098556294299973,
    0.009876266010299636,
    0.009777799348133462,
    0.009568363151629455,
    0.009367520210313765,
    0.009114565992301019,
    0.009072838482097723,
    0.009099697277027493,
    0.00918359723436879,
    0.009524263346975204,
    0.010101720188686159,
    0.01034521674470549,
    0.010558787146389173,
    0.010578052811373103,
    0.010445336514749215,
    0.010414645224652,
    0.010578709997086358,
    0.010537159607035088,
    0.010541754242998044,
    0.011277062758987691,
    0.011077659819723825,
    0.009090728877708898,
    0.009576917996128032
  ],
  "best_epoch": 34
}