{
  "config": {
    "name": "wd_uba_lumped",
    "sequence_length": 30,
    "batch_size": 64,
    "learning_rate": 0.0005,
    "num_epochs": 50,
    "hidden_size": 64,
    "num_layers": 2,
    "dropout": 0.2,
    "forecast_horizon": 7,
    "features": [
      "temperature_2m",
      "volumetric_soil_water_layer_1",
      "soil_temperature_level_1",
      "snow_depth_water_equivalent",
      "total_precipitation_sum",
      "temperature_2m_max"
    ]
  },
  "train_loss_curve": [
    0.02408352240713106,
    0.018533475891066093,
    0.013049289145985514,
    0.009232555395606646,
    0.007653399317657911,
    0.007546833060284068,
    0.007460600444675138,
    0.007243402270736017,
    0.007139693715645181,
    0.007096350366838224,
    0.006938649064573433,
    0.006842344685638737,
    0.006779118083714921,
    0.006729563901495162,
    0.006679474719324692,
    0.006653419924583027,
    0.0065248469856871655,
    0.006536599450353404,
    0.006497266844639348,
    0.006483464591939183,
    0.0063621748122386634,
    0.006310829223164344,
    0.006229597522178665,
    0.006260158417919431,
    0.006100791546284907,
    0.006139890918550211,
    0.005974155053789016,
    0.006047517561051386,
    0.006032082038068943,
    0.005986543358631025,
    0.005923505062431407,
    0.00579639659412755,
    0.0058754592051223475,
    0.005989414596721569,
    0.006084596019415282,
    0.006259626828169631,
    0.006559805823498108,
    0.006825289781873935,
    0.007178419080547529,
    0.007231652595591085,
    0.007025936691914265,
    0.006736085261662892,
    0.006522274054987065,
    0.006401795552442814,
    0.006049598746509825,
    0.005976027703481022,
    0.006065670760866245,
    0.006263145926722145,
    0.005848508730297099,
    0.005673629504245683
  ],
  "val_loss_curve": [
    0.02348295374152561,
    0.019548416292915743,
    0.014398317468779473,
    0.013200981498812325,
    0.012717492136289366,
    0.01205130890593864,
    0.01174170252731225,
    0.01154260641487781,
    0.011363685659792585,
    0.01127761521396072,
    0.011124398520526787,
    0.011060634758905508,
    0.010965159657644108,
    0.010857048398368837,
    0.010802714602808313,
    0.010703965279390104,
    0.010684187519170033,
    0.010669674668558097,
    0.01053715275823682,
    0.010527509854000527,
    0.010516920029961815,
    0.010434692070703022,
    0.010391953053234223,
    0.010490893262613099,
    0.010377222986183673,
    0.01048201359177862,
    0.010530853984770753,
    0.010631971150966516,
    0.010788853339666579,
    0.010526965921599185,
    0.010405018103483599,
    0.010437216973514296,
    0.010334683075294985,
    0.009881683254207019,
    0.009479344233113807,
    0.009368140978040174,
    0.009479230517172255,
    0.009329136203935681,
    0.010340209718075736,
    0.010561489521933254,
    0.011283645261452572,
    0.01024289177864072,
    0.011520954611720905,
    0.010243719659532266,
    0.00954983162106752,
    0.008706747329900585,
    0.012592086920752385,
    0.008875691074839173,
    0.009080756489008005,
    0.010093245213283808
  ],
  "best_epoch": 46
}