{
  "config": {
    "name": "wd_uba_lumped",
    "sequence_length": 30,
    "batch_size": 64,
    "learning_rate": 0.0005,
    "num_epochs": 50,
    "hidden_size": 64,
    "num_layers": 2,
    "dropout": 0.2,
    "forecast_horizon": 7,
    "features": [
      "temperature_2m",
      "volumetric_soil_water_layer_1",
      "soil_temperature_level_1",
      "snow_depth_water_equivalent",
      "total_precipitation_sum",
      "temperature_2m_max"
    ]
  },
  "train_loss_curve": [
    0.023614201775570918,
    0.018274008736221328,
    0.01299310972293218,
    0.009637487829523807,
    0.008478385086265108,
    0.007752706239746961,
    0.00753336939346304,
    0.007339490981394192,
    0.007204707159366485,
    0.0072052614337331355,
    0.007043502743828058,
    0.0070111424089797465,
    0.006925412483219083,
    0.006801463872559705,
    0.006715491233788068,
    0.006605934567131853,
    0.006659845044244624,
    0.0065203103145500384,
    0.006557186016127364,
    0.0065072343265152694,
    0.006360634751116676,
    0.0063834585905877044,
    0.006238096146666471,
    0.006241968967111057,
    0.006236536561320665,
    0.006190567634500137,
    0.006115243155161604,
    0.006082433841786244,
    0.006017069699333256,
    0.006091246017402025,
    0.005953308609807411,
    0.005997956002829596,
    0.005920795869517153,
    0.005964527706560653,
    0.005880747500567749,
    0.005922987597538547,
    0.005850201872110322,
    0.005939371229437206,
    0.00601263293275325,
    0.006103516266597985,
    0.005806361071437196,
    0.00579726059570223,
    0.005409136615324112,
    0.006339771016832351,
    0.006525187940496835,
    0.007240685093064612,
    0.006793299300119947,
    0.006557900694537643,
    0.006486630775927754,
    0.006141887443441697
  ],
  "val_loss_curve": [
    0.022997988077501457,
    0.019588168788080413,
    0.014171458693454042,
    0.013040198107773904,
    0.012531005276590198,
    0.012014563956957621,
    0.011570917543091733,
    0.011339901768224081,
    0.011122621404259311,
    0.011021925868893353,
    0.010885038933338365,
    0.010742363050667336,
    0.010645649939154586,
    0.010628799632589411,
    0.010517664549600644,
    0.010406792544623992,
    0.010240957140922546,
    0.010131286040026074,
    0.009989504498662427,
    0.010005765730359903,
    0.00991753650305327,
    0.009980743035460668,
    0.009953640001185704,
    0.009939827672496904,
    0.010139208420393212,
    0.010140661254505781,
    0.01025266527722124,
    0.01023400528113901,
    0.010152900981969045,
    0.010408808562109092,
    0.010269592001956577,
    0.010498791052668821,
    0.010438590055855457,
    0.0108188034282648,
    0.010702204752305988,
    0.010722205962035028,
    0.010323400752289066,
    0.010005108306359034,
    0.009761423343055261,
    0.010076205006043892,
    0.009048998083017068,
    0.009674125853052828,
    0.009099546315458914,
    0.009783831825188827,
    0.008993438588125477,
    0.00986977983484394,
    0.009580132475700035,
    0.011311338203086052,
    0.011434502645897737,
    0.01177731939090639
  ],
  "best_epoch": 45
}