{
  "config": {
    "name": "wd_uba_lumped",
    "sequence_length": 30,
    "batch_size": 64,
    "learning_rate": 0.0005,
    "num_epochs": 50,
    "hidden_size": 64,
    "num_layers": 2,
    "dropout": 0.2,
    "forecast_horizon": 7,
    "features": [
      "temperature_2m",
      "volumetric_soil_water_layer_1",
      "soil_temperature_level_1",
      "snow_depth_water_equivalent",
      "total_precipitation_sum",
      "temperature_2m_max"
    ]
  },
  "train_loss_curve": [
    0.022653328798090417,
    0.01852991904080328,
    0.012271982053385323,
    0.008578081023895519,
    0.0077130404222569065,
    0.007295557298574649,
    0.007139989115886338,
    0.007018702695657137,
    0.0069582336731804795,
    0.006843255154510391,
    0.006897114293072566,
    0.006755616182797692,
    0.006740694095949746,
    0.006691001835052803,
    0.006599776135165787,
    0.006602212494019316,
    0.006489186228969225,
    0.006432770223707646,
    0.006426690982455814,
    0.0062999726467549205,
    0.006288659060576012,
    0.006218286914797015,
    0.006152388703109561,
    0.0060882424453059985,
    0.00607734814457217,
    0.006007603209582157,
    0.005977482933404745,
    0.005981204031437907,
    0.00599106710281679,
    0.005963263901523735,
    0.005946645731758811,
    0.00591178687581204,
    0.0058333144962590365,
    0.006078989243178512,
    0.006210944804681478,
    0.006372721285212417,
    0.006894205742658717,
    0.006902876436773416,
    0.0069489848967552665,
    0.007012200661594963,
    0.0069867729024634985,
    0.006692576484965684,
    0.006292417330314493,
    0.006299880009060467,
    0.006077970592943732,
    0.006232983796305941,
    0.005961703843442794,
    0.0060927546449723495,
    0.005653205662990028,
    0.005844206034352182
  ],
  "val_loss_curve": [
    0.0235684576133887,
    0.019295571992794674,
    0.014524380128326205,
    0.0130148221020742,
    0.012098304677541213,
    0.011669619760747688,
    0.011420141937075337,
    0.011248127273574937,
    0.011122883624921087,
    0.01108018583181547,
    0.011015190900555657,
    0.010984762765777608,
    0.010961407625776095,
    0.010849770750307167,
    0.010868249664781615,
    0.010814028018406438,
    0.010862832755568283,
    0.010866659821961852,
    0.010958638983235383,
    0.010891913372082248,
    0.010824812377298562,
    0.010760575537763847,
    0.010695107676535068,
    0.010675873276341008,
    0.010667264877459578,
    0.010517757189518306,
    0.010654066935482357,
    0.010674051564516654,
    0.010754770954614893,
    0.010585345449120117,
    0.010232401309622219,
    0.010238894375409776,
    0.009870889525094148,
    0.009355345987084243,
    0.00905826145511431,
    0.008822385345411021,
    0.009215661491907667,
    0.008902098493611751,
    0.00971175416392119,
    0.01000471917783822,
    0.010987217609605674,
    0.009897455310541167,
    0.010594238424649424,
    0.010165204082416798,
    0.011021633664010247,
    0.009333863539116768,
    0.011697983852476076,
    0.009759494539442434,
    0.010645116205220498,
    0.00868234984955052
  ],
  "best_epoch": 50
}