{
  "config": {
    "name": "wd_uba_lumped",
    "sequence_length": 30,
    "batch_size": 64,
    "learning_rate": 0.0005,
    "num_epochs": 50,
    "hidden_size": 64,
    "num_layers": 2,
    "dropout": 0.2,
    "forecast_horizon": 7,
    "features": [
      "temperature_2m",
      "volumetric_soil_water_layer_1",
      "soil_temperature_level_1",
      "snow_depth_water_equivalent",
      "total_precipitation_sum",
      "temperature_2m_max"
    ]
  },
  "train_loss_curve": [
    0.025573955098580983,
    0.018913034142719373,
    0.013232231845096167,
    0.009416861777329663,
    0.008153069668171357,
    0.0076362768975539235,
    0.007405348044509689,
    0.007246100248772159,
    0.007105544039707941,
    0.007039131693697224,
    0.006950729267878665,
    0.006830319357605832,
    0.006686262817109107,
    0.006703534875365828,
    0.006631398505608861,
    0.006435946481158478,
    0.006458897517101529,
    0.0063721250472655,
    0.006311761344275308,
    0.006310274432608922,
    0.006263886433468239,
    0.00615453843460677,
    0.00619671330676081,
    0.006119490895495498,
    0.006089491188504326,
    0.006068906165132325,
    0.00597389751207326,
    0.006041806055287048,
    0.0060707775250597885,
    0.006105955027932295,
    0.006038419815417405,
    0.006009986669293236,
    0.006164923517038308,
    0.006210449908899641,
    0.006362197829730576,
    0.0066409418348282795,
    0.006929439999617494,
    0.007153508715014646,
    0.007093150876143126,
    0.006810848388340673,
    0.00647655710291575,
    0.006353978949694768,
    0.006239900002532927,
    0.00600745440816455,
    0.005983807637575309,
    0.005972344966418556,
    0.005938135181168036,
    0.006047974035431657,
    0.00639564804285126,
    0.006821385588864359
  ],
  "val_loss_curve": [
    0.023792386675874393,
    0.020483694970607758,
    0.015096678767198076,
    0.013457305404396417,
    0.01274170118025116,
    0.012199733799207024,
    0.011876797282942183,
    0.011655485206574667,
    0.011505653217075936,
    0.011349244079610799,
    0.011230123753193766,
    0.011281927841385672,
    0.011117954723886214,
    0.011097357882439004,
    0.01112507236878931,
    0.01082784229220124,
    0.010942762141591325,
    0.010987193762654593,
    0.01080268643151309,
    0.010996463238067614,
    0.010912825793639058,
    0.010962122281246897,
    0.011005237202577215,
    0.011085383379395353,
    0.011085520825872663,
    0.01136623001487654,
    0.011137043441218944,
    0.011410019115525452,
    0.011311667122451277,
    0.011093373201826276,
    0.010929954405582976,
    0.010770318154148603,
    0.01055756006583882,
    0.01026699291226881,
    0.009895271952700568,
    0.009914480963440534,
    0.010060555492600542,
    0.010811114221117654,
    0.011161705306828177,
    0.011298996716504917,
    0.011083318768214667,
    0.011206174706179203,
    0.010441591280747767,
    0.009948279276310737,
    0.01034296107445698,
    0.0095399145002375,
    0.010376840540326763,
    0.009699188034877201,
    0.00965322717941793,
    0.01309858570251284
  ],
  "best_epoch": 46
}