{
  "config": {
    "name": "wd_uba_lumped",
    "sequence_length": 30,
    "batch_size": 64,
    "learning_rate": 0.0005,
    "num_epochs": 50,
    "hidden_size": 64,
    "num_layers": 2,
    "dropout": 0.2,
    "forecast_horizon": 7,
    "features": [
      "temperature_2m",
      "volumetric_soil_water_layer_1",
      "soil_temperature_level_1",
      "snow_depth_water_equivalent",
      "total_precipitation_sum",
      "temperature_2m_max"
    ]
  },
  "train_loss_curve": [
    0.022835467043074056,
    0.01780705041407297,
    0.012530757353589352,
    0.009133415477360055,
    0.00792309760193651,
    0.007478724845390793,
    0.007348539665852311,
    0.00716187980853849,
    0.006976586517945786,
    0.0069800665882616564,
    0.0068936161098665455,
    0.006827968671132112,
    0.006698651207746782,
    0.006743625586548458,
    0.006555143950714005,
    0.006555537232391846,
    0.006523944873252831,
    0.006557151536172669,
    0.006498469733843295,
    0.006389806565291817,
    0.0064446080573866815,
    0.006509308482943905,
    0.006456937779350685,
    0.0064352120191162815,
    0.0064313531193976,
    0.006436529500206234,
    0.00641921335490123,
    0.006494500059691038,
    0.006322473965459115,
    0.006541055028517601,
    0.00658175778072392,
    0.00654368592384142,
    0.00664128777255731,
    0.00663674647552802,
    0.006688530863660465,
    0.006792524555041584,
    0.006814486910823487,
    0.006731542674970115,
    0.006646047409453281,
    0.006571439461165735,
    0.006455914504133236,
    0.006323245280428737,
    0.006212353764163304,
    0.006206501099566392,
    0.006068431163839705,
    0.005963871161687469,
    0.0059929780699248016,
    0.005894104810067802,
    0.005797966462321508,
    0.005935089399928175
  ],
  "val_loss_curve": [
    0.023401860458155472,
    0.018313291249796748,
    0.014990203494865758,
    0.013054422752854103,
    0.011696466070134193,
    0.011119290793430991,
    0.010866058325821845,
    0.010768970578889517,
    0.01061328363478727,
    0.010513578934478574,
    0.010458493930248855,
    0.01044315061396143,
    0.010215344746635916,
    0.010315476674198484,
    0.010044078265006343,
    0.009987897850805894,
    0.009925236828469982,
    0.009981819506113728,
    0.010095616409671493,
    0.009919388045091182,
    0.009967942872511534,
    0.0098826418883012,
    0.00996313306192557,
    0.00989669340196997,
    0.009938034456960546,
    0.009886928576937256,
    0.009699540523191294,
    0.00974270211493907,
    0.009604409657185897,
    0.00966964072722476,
    0.00952913892979268,
    0.009529430016603632,
    0.009472640973399393,
    0.00956412695813924,
    0.009661035020447647,
    0.009805275883991271,
    0.010161381908498393,
    0.010286855273686038,
    0.01047382574082197,
    0.01038579784532582,
    0.010482070746850999,
    0.010290831331076333,
    0.010531570250653507,
    0.010260970680368095,
    0.010303031288155276,
    0.01039128429692937,
    0.009591838745109271,
    0.009561686682294143,
    0.011209552899344999,
    0.009832162152330662
  ],
  "best_epoch": 33
}